problem_id,problem_text,answer,hint,translation
2374,"Найдите значение выражения $\dfrac{17}{5} :\dfrac{34}{3} +1,3$.",1.6,Десятичную в обыкновенную,Find the value of the expression $\dfrac{17}{5} :\dfrac{34}{3} +1.3$.
4723,"В компании из 30 человек 25 пользуются социальной сетью «Одноклассники», а 10~--- социальной сетью «ВКонтакте». Выберите утверждения, которые верны при указанных условиях.

\begin{center}
\begin{tabularx}{\textwidth}{p{0.1cm}X}  
1) & В этой компании найдётся 10 человек, которые не пользуются ни сетью «Одноклассники», ни сетью «ВКонтакте». \\ 
2) & В этой компании найдётся хотя бы 5 человек, пользующихся обеими сетями. \\ 
3) & Не найдётся ни одного человека из этой компании, пользующегося только сетью «Одноклассники». \\ 
4) & Не более 10 человек из этой компании пользуются обеими сетями. \\ 
\end{tabularx}\end{center}

В ответе запишите номера выбранных утверждений без пробелов, запятых и~других дополнительных символов.",24,Диаграмма Венна,"In a company of 30 people, 25 use the social network ""Odnoklassniki"", and 10 use the social network ""VKontakte"". Select the statements that are true under the given conditions.

1) In this company, there will be 10 people who do not use either the ""Odnoklassniki"" network or the ""VKontakte"" network.
2) In this company, there will be at least 5 people who use both networks.
3) There will not be a single person from this company who uses only the ""Odnoklassniki"" network.
4) No more than 10 people from this company use both networks.

In your answer, write down the numbers of the selected statements without spaces, commas, and other additional symbols."
7135,"Число дорожно-транспортных происшествий (ДТП) в летний период составило 0,68 числа ДТП в зимний период. На сколько процентов уменьшилось число дорожно-транспортных происшествий летом по сравнению с зимой?",32,дробь в проценты,The number of road traffic accidents (RTAs) in the summer period was 68% of the number of RTAs in the winter period. By what percentage did the number of road traffic accidents decrease in the summer compared to the winter?
5814,Найдите значение выражения $\dfrac{2\strut^{-5} \cdot 2\strut^{9} }{2\strut^{-4} } $.,256,свойства степени,Find the value of the expression $\dfrac{2^{-5} \cdot 2^{9} }{2^{-4} } $.
9237,"Путешественник из Москвы хочет посетить четыре города Золотого кольца России: Владимир, Ярославль, Суздаль и Ростов. Турагентство предлагает маршруты с посещением некоторых городов Золотого кольца. Сведения о стоимости билетов и маршрутах представлены в таблице.

\begin{center}
\begin{tabular}{|c|c|c|c|}
\hline
Номер маршрута&Посещаемые города&Стоимость (руб.)\\\hline
1&Суздаль, Ярославль, Владимир&3900 \\\hline
2&Ростов, Владимир&2400 \\\hline
3&Ярославль, Владимир&2100 \\\hline
4&Суздаль&1650 \\\hline
5&Ростов, Суздаль&2700 \\\hline
6&Ярославль, Ростов&2350 \\\hline
\end{tabular}
\end{center}

Какие маршруты должен выбрать путешественник, чтобы побывать во всех четырёх городах и затратить менее 5000 рублей?

В ответе укажите какой-нибудь один набор номеров маршрутов без пробелов, запятых и других дополнительных символов.",53,перебор,"A traveler from Moscow wants to visit four cities of the Golden Ring of Russia: Vladimir, Yaroslavl, Suzdal, and Rostov. The travel agency offers routes that include visits to some of the Golden Ring cities. Information about the cost of tickets and the routes is presented in the table below.

\begin{center}
\begin{tabular}{|c|c|c|c|}
\hline
Route Number&Visited Cities&Cost (rubles)\\\hline
1&Suzdal, Yaroslavl, Vladimir&3900 \\\hline
2&Rostov, Vladimir&2400 \\\hline
3&Yaroslavl, Vladimir&2100 \\\hline
4&Suzdal&1650 \\\hline
5&Rostov, Suzdal&2700 \\\hline
6&Yaroslavl, Rostov&2350 \\\hline
\end{tabular}
\end{center}

Which routes should the traveler choose to visit all four cities and spend less than 5000 rubles?

In your answer, indicate any one set of route numbers without spaces, commas, or other additional symbols."
10703,"В конце четверти Вовочка выписал подряд все свои отметки по одному из предметов, их оказалось 5, и поставил 
между некоторыми из них знаки умножения. Произведение получившихся чисел оказалось равным 5575. Какая отметка выходит у Вовочки в четверти по этому предмету, если учитель ставит только отметки «2», «3», «4» или «5» и итоговая отметка в четверти является средним арифметическим всех текущих отметок, округлённая по правилам округления? (Например, 3,2 округляется до 3; 4,5~--- до 5; а 2,8~--- до 3.)",3,разложитьна простые множители,"At the end of the term, Vovochka wrote down all his grades for one of the subjects in a row; there were 5 of them, and he put multiplication signs between some of them. The product of the resulting numbers turned out to be 5575. What grade does Vovochka get for the term in this subject if the teacher only gives grades of ""2,"" ""3,"" ""4,"" or ""5"" and the final grade for the term is the arithmetic mean of all current grades, rounded according to rounding rules? (For example, 3.2 is rounded to 3; 4.5 is rounded to 5; and 2.8 is rounded to 3.)"
9621,"Найдите четырёхзначное число, которое в 11 раз меньше куба некоторого натурального числа. В ответе укажите какое-нибудь одно такое число.","[3267, 7744]",куб числа делится на 11,"Find a four-digit number that is 11 times smaller than the cube of some natural number. In your answer, indicate any one such number."
4318,Найдите значение выражения $\dfrac{\sqrt{8} }{\sqrt{2} } $.,2,внести под общий корень,Find the value of the expression $\dfrac{\sqrt{8}}{\sqrt{2}}$.
7549,"Среднее гармоническое трёх чисел $a$, $b$ и $c$ вычисляется по формуле $h=\left(\dfrac{\dfrac{1}{a} +\dfrac{1}{b} +\dfrac{1}{c} }{3} \right)^{-1}$. Найдите среднее гармоническое чисел $\dfrac{1}{9} $, $\dfrac{1}{10}$ и $\dfrac{1}{11}$.",0.1,обратить дроби,"The harmonic mean of three numbers $a$, $b$, and $c$ is calculated using the formula $h=\left(\dfrac{\dfrac{1}{a} +\dfrac{1}{b} +\dfrac{1}{c} }{3} \right)^{-1}$. Find the harmonic mean of the numbers $\dfrac{1}{9}$, $\dfrac{1}{10}$, and $\dfrac{1}{11}$."
4405,"Найдите $\tg x$, если $\sin x=\dfrac{6}{\sqrt{61} } $ и $0{}^\circ <x<90{}^\circ $.",1.2,теорема пифагора или основное триг тождество,"Find $\tan x$, if $\sin x = \frac{6}{\sqrt{61}}$ and $0^\circ < x < 90^\circ$."
13660,Смешали 8 литров 15-процентного раствора вещества с 12 литрами \linebreak40-процентного раствора этого же вещества. Сколько процентов составляет концентрация получившегося раствора?,30,найти среднее по весу,Mixed 8 liters of a 15-percent solution of a substance with 12 liters of a 40-percent solution of the same substance. What is the concentration percentage of the resulting solution?
5206,Найдите корень уравнения $\sqrt{6x+13} -11=0$.,18,"уединить корень,возвести в квадрат",Find the root of the equation $\sqrt{6x+13} -11=0$.
5878,Найдите значение выражения $\dfrac{49\strut^{3} }{7\strut^{3} } $.,343,привести к оснванию 7 и сократить дробь,Find the value of the expression $\dfrac{49\strut^{3} }{7\strut^{3} } $.
12275,"В таблице 1 приведены минимальные баллы ЕГЭ по четырём предметам, необходимые для подачи документов на факультеты 1--6.
\begin{flushright}\textit{Таблица 1}\end{flushright}
\begin{center}
\begin{tabularx}{\textwidth}{|>{\centering\arraybackslash}p{0.8in}|>{\centering\arraybackslash}p{0.6in}|c|c|>{\centering\arraybackslash}X|} \hline
\diaghead(3,-2){Предметтет}{Предмет}{Факультет} & русский язык & обществознание & история & иностранный язык \\ \hline
1 & 50 & 60 & 60 & 50 \\ \hline
2 & 27 & 42 & 32 & 40 \\ \hline
3 & 40 & 70 & 32 & 60 \\ \hline
4 & 36 & 42 & 50 & 22 \\ \hline
5 & 27 & 65 & 32 & 55 \\ \hline
6 & 27 & 42 & 60 & 22 \\ \hline
\end{tabularx}
\end{center}

В таблице 2 приведены данные о баллах ЕГЭ по пяти предметам абитуриента В.
\begin{flushright}\textit{Таблица 2}\end{flushright}
\begin{center}
\begin{tabularx}{\textwidth}{|c|*{5}{@{}>{\centering\arraybackslash}X@{}|}} \hline
Предмет & русский язык & общество\-знание & история & английский язык & немецкий язык \\ \hline
Баллы & 68 & 65 & 58 & 64 & 40 \\ \hline
\end{tabularx}
\end{center}

Выберите факультеты, на которые может подавать документы абитуриент~В. В ответе укажите номера выбранных факультетов без пробелов, запятых и других дополнительных символов.",245,сравнение и отбор,"Table 1 shows the minimum Unified State Exam scores required for submitting documents to faculties 1--6.

\begin{flushright}\textit{Table 1}\end{flushright}
\begin{center}
\begin{tabularx}{\textwidth}{|>{\centering\arraybackslash}p{0.8in}|>{\centering\arraybackslash}p{0.6in}|c|c|>{\centering\arraybackslash}X|} \hline
\diaghead(3,-2){Subjectbject}{Subject}{Faculty} & Russian language & Social studies & History & Foreign language \\ \hline
1 & 50 & 60 & 60 & 50 \\ \hline
2 & 27 & 42 & 32 & 40 \\ \hline
3 & 40 & 70 & 32 & 60 \\ \hline
4 & 36 & 42 & 50 & 22 \\ \hline
5 & 27 & 65 & 32 & 55 \\ \hline
6 & 27 & 42 & 60 & 22 \\ \hline
\end{tabularx}
\end{center}

Table 2 presents the data on the Unified State Exam scores for applicant V in five subjects.

\begin{flushright}\textit{Table 2}\end{flushright}
\begin{center}
\begin{tabularx}{\textwidth}{|c|*{5}{@{}>{\centering\arraybackslash}X@{}|}} \hline
Subject & Russian language & Social studies & History & English language & German language \\ \hline
Scores & 68 & 65 & 58 & 64 & 40 \\ \hline
\end{tabularx}
\end{center}

Select the faculties to which applicant V can submit documents. In your answer, indicate the numbers of the selected faculties without spaces, commas, and other additional symbols."
5766,"Найдите значение выражения $1,26:1,4-0,5$.",0.4,умножить и вычесть,Find the value of the expression $1.26 \div 1.4 - 0.5$.
3205,Найдите значение выражения $5\strut^{\log_{5} 2+1}$.,10,степень суммы в произведение степеней,Find the value of the expression $5^{(\log_{5} 2+1)}$.
8081,Найдите значение выражения $\dfrac{\sqrt{5} \cdot \sqrt{6}}{\sqrt{2 \cdot 15}}$.,1,под один корень и сократить дробь,Find the value of the expression $\dfrac{\sqrt{5} \cdot \sqrt{6}}{\sqrt{2 \cdot 15}}$.
2415,Найдите значение выражения $36\cdot \left(\dfrac{5}{6} - \dfrac{7}{36} - \dfrac{9}{12} \right)$.,-4,умножить 36 на все слагаемые в скобках,Find the value of the expression $36\cdot \left(\dfrac{5}{6} - \dfrac{7}{36} - \dfrac{9}{12} \right)$.
4965,"Установите соответствие между величинами и их возможными значениями: к~каждому элементу первого столбца подберите соответствующий элемент из~второго столбца.

\vspace{\medskip}

\begin{center}\hyphenpenalty=10000\begin{tabular}{p{8cm}p{5cm}}
ВЕЛИЧИНЫ & ЗНАЧЕНИЯ \\
А) масса таблетки лекарства & 1) $3,3464\cdot 10^{-27}$ кг \\
Б) масса Земли & 2) 100 т \\
В) масса молекулы водорода & 3) 500 мг \\
Г) масса взрослого кита & 4) $5,9726\cdot 10^{24}$ кг \\
\end{tabular}\end{center}

\vspace{\medskip}


В таблице под каждой буквой, соответствующей величине, укажите номер её возможного значения.

\vspace{\medskip}

\begin{tabular}{|c|c|c|c|} \hline
А & Б & В & Г \\ \hline
 &  &  &  \\ \hline
\end{tabular}",3412,сопоставить,"Establish the correspondence between the magnitudes and their possible values: match the corresponding element from the second column to each element of the first column.

\begin{center}\hyphenpenalty=10000\begin{tabular}{p{8cm}p{5cm}}
MAGNITUDES & VALUES \\
A) the mass of a medicine tablet & 1) $3.3464\cdot 10^{-27}$ kg \\
B) the mass of the Earth & 2) 100 tons \\
C) the mass of a hydrogen molecule & 3) 500 mg \\
D) the mass of an adult whale & 4) $5.9726\cdot 10^{24}$ kg \\
\end{tabular}\end{center}

\vspace{\medskip}

In the table below, indicate the number of its possible value under each letter corresponding to the magnitude.

\vspace{\medskip}

\begin{tabular}{|c|c|c|c|} \hline
A & B & C & D \\ \hline
 &  &  &  \\ \hline
\end{tabular}"
7643,"Каждому из четырёх неравенств в левом столбце соответствует одно из решений в правом столбце. Установите соответствие между неравенствами и их решениями.


\begin{center}
\hyphenpenalty=10000
\renewcommand{\arraystretch}{2}
\begin{tabularx}{\textwidth}{{>{\raggedright}X>{\raggedright\arraybackslash}X}} 
\multicolumn{1}{C}{НЕРАВЕНСТВА} & \multicolumn{1}{C}{РЕШЕНИЯ} \\
А) $\log _{4} x>1$ & 1) $0<x<\dfrac{1}{4} $ \\ 
Б) $\log _{4} x>-1$ & 2) $x>\dfrac{1}{4} $ \\ 
В) $\log _{4} x<-1$ & 3) $0<x<4$ \\ 
Г) $\log _{4} x<1$ & 4) $x>4$ \\
\end{tabularx}\end{center}\vspace{\medskip}

Впишите в приведённую в ответе таблицу под каждой буквой соответствующий номер решения.

\vspace{\baselineskip}\begin{tabular}{|*{4}{C|}} \hline А & Б & В & Г \\ \hline & & & \\ \hline\end{tabular}\end{center}\vspace{\medskip}",4213,пропотенцировать и сопоставить,"Each of the four inequalities in the left column corresponds to one of the solutions in the right column. Establish the correspondence between the inequalities and their solutions.

\begin{center}
\hyphenpenalty=10000
\renewcommand{\arraystretch}{2}
\begin{tabularx}{\textwidth}{{>{\raggedright}X>{\raggedright\arraybackslash}X}} 
\multicolumn{1}{C}{INEQUALITIES} & \multicolumn{1}{C}{SOLUTIONS} \\
A) $\log _{4} x>1$ & 1) $0<x<\dfrac{1}{4} $ \\ 
B) $\log _{4} x>-1$ & 2) $x>\dfrac{1}{4} $ \\ 
C) $\log _{4} x<-1$ & 3) $0<x<4$ \\ 
D) $\log _{4} x<1$ & 4) $x>4$ \\
\end{tabularx}\end{center}\vspace{\medskip}

Fill in the table provided in the answer with the corresponding solution number under each letter.

\vspace{\baselineskip}\begin{tabular}{|*{4}{C|}} \hline A & B & C & D \\ \hline & & & \\ \hline\end{tabular}\end{center}\vspace{\medskip}"
10661,"Из книги выпало несколько идущих подряд листов. Номер последней страницы перед выпавшими листами~--- 274, 
номер первой страницы после выпавших листов записывается теми же цифрами, но в другом порядке. 
Сколько листов выпало?",76,"выпали страницы с нечетной по четную, листов вдвое меньше","Several consecutive pages fell out of a book. The number of the last page before the fallen pages is 274, and the number of the first page after the fallen pages is written with the same digits, but in a different order. How many pages fell out?"
2851,Найдите значение выражения $9\cdot 10^{2} +3\cdot 10 +7\cdot 10^{3}$.,7930,перевести в десятичную запись,Find the value of the expression $9\cdot 10^{2} +3\cdot 10 +7\cdot 10^{3}$.
11878,"Про натуральные числа $A$, $B$ и $C$ известно, что каждое из них больше~5, но~меньше 9. Загадали натуральное число, затем его умножили на $A$, потом прибавили к полученному произведению $B$ и вычли $C$. Получилось 340. Какое число было загадано?",57,"разложить числа от 340-2 до +2 на множители и выбрать кратное 6, 7,8.","It is known about the natural numbers $A$, $B$, and $C$ that each of them is greater than 5 but less than 9. A natural number was guessed, then it was multiplied by $A$, then $B$ was added to the resulting product, and $C$ was subtracted. The result was 340. What number was guessed?"
3509,"Для обслуживания международного семинара необходимо собрать группу переводчиков. Сведения о кандидатах представлены в таблице.

\vspace{\baselineskip}

\hyphenpenalty=10000
\begin{tabularx}{\textwidth}{|C|C|>{\centering\arraybackslash}X|} \hline
Номер переводчика & Языки & Стоимость услуг \newline (руб. в день) \\ \hline
1 & Испанский & 2850 \\ \hline
2 & Испанский, Английский & 6050 \\ \hline
3 & Английский & 1900 \\ \hline
4 & Испанский, Французский & 5950 \\ \hline
5 & Французский, Немецкий & 6800 \\ \hline
6 & Немецкий & 4050 \\ \hline
\end{tabularx}
\vspace{\medskip}
\hyphenpenalty=50


Пользуясь таблицей, соберите хотя бы одну группу, в которой переводчики вместе владеют всеми четырьмя языками: английским, немецким, испанским и французским, а суммарная стоимость их услуг не превышает 12~000~рублей в~день. В ответе укажите какой-нибудь один набор номеров переводчиков без пробелов, запятых и других дополнительных символов.","[135, 346]",перебор,"To service an international seminar, a team of translators needs to be assembled. Information about the candidates is presented in the table.

\begin{tabularx}{\textwidth}{|C|C|>{\centering\arraybackslash}X|} \hline
Translator Number & Languages & Service Cost \newline (RUB per day) \\ \hline
1 & Spanish & 2850 \\ \hline
2 & Spanish, English & 6050 \\ \hline
3 & English & 1900 \\ \hline
4 & Spanish, French & 5950 \\ \hline
5 & French, German & 6800 \\ \hline
6 & German & 4050 \\ \hline
\end{tabularx}
\vspace{\medskip}

Using the table, assemble at least one group of translators who collectively speak all four languages: English, German, Spanish, and French, and whose total service cost does not exceed 12,000 RUB per day. In your answer, indicate any one set of translator numbers without spaces, commas, or other additional symbols."
9665,"Каждому из четырёх неравенств в левом столбце соответствует одно из решений в правом столбце. Установите соответствие между неравенствами и~их решениями.

\begin{center}
\renewcommand{\arraystretch}{2}
\begin{tabularx}{\textwidth}{XX}
\multicolumn{1}{C}{НЕРАВЕНСТВА} & \multicolumn{1}{C}{РЕШЕНИЯ} \\
А) $\left(x-2\right)^{2} \left(x-4\right)<0$ & 1) $x<2$ или $2<x<4$ \\ 
Б) $\dfrac{\left(x-4\right)^{2} }{x-2} >0$ & 2) $x<2$ или $x>4$ \\
В) $\left(x-2\right)\left(x-4\right)<0$ & 3) $2<x<4$ \\ 
Г) $\dfrac{x-2}{x-4} >0$ & 4) $2<x<4$ или $x>4$ \\ 
 \end{tabularx}
\end{center}

Впишите в приведённую в ответе таблицу под каждой буквой соответствующий номер решения.

\vspace{\baselineskip}\begin{tabular}{|*{4}{C|}} \hline А & Б & В & Г \\ \hline & & &  \\ \hline\end{tabular}",1432,неравенства метод интервалов и сопоставить,"Each of the four inequalities in the left column corresponds to one of the solutions in the right column. Establish the correspondence between the inequalities and their solutions.

\begin{center}
\renewcommand{\arraystretch}{2}
\begin{tabularx}{\textwidth}{XX}
\multicolumn{1}{C}{INEQUALITIES} & \multicolumn{1}{C}{SOLUTIONS} \\
A) $\left(x-2\right)^{2} \left(x-4\right)<0$ & 1) $x<2$ or $2<x<4$ \\ 
B) $\dfrac{\left(x-4\right)^{2} }{x-2} >0$ & 2) $x<2$ or $x>4$ \\
C) $\left(x-2\right)\left(x-4\right)<0$ & 3) $2<x<4$ \\ 
D) $\dfrac{x-2}{x-4} >0$ & 4) $2<x<4$ or $x>4$ \\ 
 \end{tabularx}
\end{center}

Fill in the table provided in the answer with the corresponding solution number under each letter.

\vspace{\baselineskip}\begin{tabular}{|*{4}{C|}} \hline A & B & C & D \\ \hline & & &  \\ \hline\end{tabular}"
7505,"Среднее квадратичное трёх чисел $a$, $b$ и $c$ вычисляется по формуле $q=\sqrt{\dfrac{a^{2} +b^{2} +c^{2} }{3} }$. Найдите среднее квадратичное чисел $\sqrt{2}$, 3 и 17.",10,подставить числа в формулу,"The root mean square of three numbers $a$, $b$, and $c$ is calculated by the formula $q=\sqrt{\frac{a^{2} + b^{2} + c^{2}}{3}}$. Find the root mean square of the numbers $\sqrt{2}$, 3, and 17."
5843,Найдите значение выражения $\dfrac{\left(9\strut^{- 3} \right)^{2} }{9\strut^{- 8} } $.,81,действия со степенями,Find the value of the expression $\dfrac{\left(9^{- 3} \right)^{2} }{9^{- 8} } $.
4028,"Площадь треугольника можно вычислить по формуле $S=\dfrac{abc}{4R}$, где $a$, $b$ и $c$~--- стороны треугольника, а $R$~--- радиус окружности, описанной около этого треугольника. Пользуясь этой формулой, найдите $S$, если ${a=4}$, ${b=13}$, ${c=15}$ и $R=\dfrac{65}{8}$.",24,подставить числа в формулу,"The area of a triangle can be calculated using the formula $S=\dfrac{abc}{4R}$, where $a$, $b$, and $c$ are the sides of the triangle, and $R$ is the radius of the circumscribed circle around the triangle. Using this formula, find $S$ if ${a=4}$, ${b=13}$, ${c=15}$ and $R=\dfrac{65}{8}$."
9604,"Цифры четырёхзначного числа, кратного 5, записали в обратном порядке и получили второе четырёхзначное число. Затем из исходного числа вычли второе и получили 3627. В ответе укажите какое-нибудь одно такое исходное число.","[8925, 8815, 8705]",перебор или уравнение в цифрах,"The digits of a four-digit number divisible by 5 were written in reverse order, resulting in a second four-digit number. Then, the second number was subtracted from the original number, resulting in 3627. Indicate any one such original number as the answer."
4764,"Перед волейбольным турниром измерили рост игроков волейбольной команды города N. Оказалось, что рост каждого из волейболистов этой команды больше 190 см и меньше 210 см. Выберите утверждения, которые верны при указанных условиях.

\begin{center}
\begin{tabularx}{\textwidth}{p{0.1cm}X} 
1) & В волейбольной команде города N обязательно есть игрок, рост которого равен 220 см. \\ 
2) & В волейбольной команде города N нет игроков с ростом 189 см. \\ 
3) & Рост любого волейболиста этой команды меньше 210 см. \\ 
4) & Разница в росте любых двух игроков волейбольной команды города N составляет более 20 см. \\ 
\end{tabularx}
\end{center}

В ответе запишите номера выбранных утверждений без пробелов, запятых и других дополнительных символов.",23,выбор верных утверждений,"Before the volleyball tournament, they measured the height of the players of the volleyball team of city N. It turned out that the height of each of the volleyball players on this team is more than 190 cm and less than 210 cm. Select the statements that are true under the given conditions.

\begin{center}
\begin{tabularx}{\textwidth}{p{0.1cm}X} 
1) & In the volleyball team of city N, there is definitely a player whose height is 220 cm. \\ 
2) & In the volleyball team of city N, there are no players with a height of 189 cm. \\ 
3) & The height of any volleyball player on this team is less than 210 cm. \\ 
4) & The height difference between any two players on the volleyball team of city N is more than 20 cm. \\ 
\end{tabularx}
\end{center}

In your response, write down the numbers of the selected statements without spaces, commas, and other additional characters."
12195,"Найдите четырёхзначное число, большее 2000, но меньшее 3000, которое делится на 60 и сумма цифр которого равна 12. В ответе укажите какое-нибудь одно такое число.","[2280, 2460, 2640, 2820]",перебор,"Find a four-digit number greater than 2000 but less than 3000, which is divisible by 60 and the sum of its digits equals 12. In your answer, indicate any one such number."
7034,Цена на электрический чайник была повышена на 13\% и составила 1921~рубль. Сколько рублей стоил чайник до повышения цены?,1700,число по проценту,The price of an electric kettle was increased by 13% and amounted to 1921 rubles. How much did the kettle cost before the price increase?
10711,"На ленте по разные стороны от середины отмечены две тонкие поперечные полоски: синяя и красная. Если разрезать ленту по красной полоске, то одна часть будет на 35~см длиннее другой. Если разрезать ленту по синей полоске, то одна часть будет на 5~см длиннее другой. Найдите расстояние (в сантиметрах) между красной и синей полосками.",20,система уравнений,"Two thin transverse stripes, blue and red, are marked on the tape on different sides of the middle. If the tape is cut along the red stripe, one part will be 35 cm longer than the other. If the tape is cut along the blue stripe, one part will be 5 cm longer than the other. Find the distance (in centimeters) between the red and blue stripes."
2407,Найдите значение выражения $12\cdot \left(\dfrac{13}{24}  - \dfrac{7}{12}  -  \dfrac{1}{6} \right)$.,-2.5,умножить 12 на каждую дробь в скобках,Find the value of the expression $12\cdot \left(\dfrac{13}{24} - \dfrac{7}{12} - \dfrac{1}{6} \right)$.
7118,"После уценки телевизора его новая цена составила 0,48 от старой цены. На~сколько процентов уменьшилась цена телевизора в результате уценки?",52,дробь в проценты,"After the markdown, the new price of the television was 0.48 of the old price. By what percentage did the price of the television decrease as a result of the markdown?"
8549,Найдите корень уравнения $\dfrac{1}{\sqrt{x}}=\dfrac{1}{5}$.,25,в квадрат обе части,Find the root of the equation $\dfrac{1}{\sqrt{x}}=\dfrac{1}{5}$.
8417,"По тарифному плану «Просто как день» компания сотовой связи каждый вечер снимает со счёта абонента 16 рублей. Если на счёте осталось меньше 16 рублей, то на следующее утро номер блокируют до пополнения счёта. Сегодня утром у Лизы на счёте было 500 рублей. Сколько дней (включая сегодняшний) она сможет пользоваться телефоном, не пополняя счёта?",31,делить с остатком,"Under the ""Simple as Day"" tariff plan, the mobile company deducts 16 rubles from the subscriber's account every evening. If the account has less than 16 rubles left, then the next morning the number is blocked until the account is replenished. This morning, Liza had 500 rubles in her account. How many days (including today) will she be able to use her phone without topping up her account?"
9603,"Цифры четырёхзначного числа, кратного 5, записали в обратном порядке и получили второе четырёхзначное число. Затем из исходного числа вычли второе и получили 2457. В ответе укажите какое-нибудь одно такое исходное число.","[8065, 8155, 8245, 8335, 8425, 8515, 8605]",перебор или уравнение в цифрах,"The digits of a four-digit number that is a multiple of 5 were written in reverse order, resulting in a second four-digit number. Then, the second number was subtracted from the original number, yielding 2457. Indicate any one such original number in your answer."
4438,Найдите значение выражения $\sqrt{24} \cdot \sqrt{6} $.,12,под общий корень,Find the value of the expression $\sqrt{24} \cdot \sqrt{6}$.
3659,"В начале года число абонентов телефонной компании «Юг» составляло 700 тыс. человек, а в конце года их стало 875 тыс. человек. На сколько процентов увеличилось за год число абонентов этой компании?",25,дробь в проценты,"At the beginning of the year, the number of subscribers of the telephone company ""South"" was 700 thousand people, and by the end of the year, it had increased to 875 thousand people. By what percentage did the number of subscribers of this company increase over the year?"
8322,"Шоколадка стоит 25 рублей. В воскресенье в супермаркете действует специальное предложение: заплатив за три шоколадки, покупатель получает четыре (одну в подарок). Сколько шоколадок можно получить на 130 рублей в воскресенье?",6,деление с остатком+ условие,"A chocolate bar costs 25 rubles. On Sunday, the supermarket has a special offer: pay for three chocolate bars and get four (one for free). How many chocolate bars can you get for 130 rubles on Sunday?"
7903,"Теорему синусов можно записать в виде $\dfrac{a}{\sin \alpha } =\dfrac{b}{\sin \beta } $, где $a$ и $b$~--- две стороны треугольника, а $\alpha$ и $\beta$~--- углы треугольника, лежащие против них соответственно. Пользуясь этой формулой, найдите величину $\sin \alpha$, если $a=27$, $b=20$, $\sin \beta=\dfrac{2}{3}$.",0.9,решить пропорцию,"The Law of Sines can be written as $\frac{a}{\sin \alpha} = \frac{b}{\sin \beta}$, where $a$ and $b$ are two sides of a triangle, and $\alpha$ and $\beta$ are the angles opposite to them, respectively. Using this formula, find the value of $\sin \alpha$, if $a=27$, $b=20$, $\sin \beta=\frac{2}{3}$."
4785,Сырок стоит 18~рублей. Какое наибольшее число сырков можно купить на 250~рублей?,13,деление с остатком+ условие,A cheese snack costs 18 rubles. What is the greatest number of cheese snacks one can buy for 250 rubles?
2377,"Найдите значение выражения $\dfrac{13}{45} :\dfrac{26}{9} +2,5$.",2.6,от обыкновенных дробей в десятичные,Find the value of the expression $\dfrac{13}{45} :\dfrac{26}{9} +2.5$.
4187,"В таблице приведены размеры штрафов за превышение максимальной разрешённой скорости, зафиксированное с помощью средств автоматической фиксации, установленных на территории России с 1 сентября 2013 года.

\begin{tabular}{|c|c|c|c|c|} \hline
Превышение скорости, км/ч & 21—40 & 41—60 & 61—80 & 81 и более \\ \hline
Размер штрафа, руб. & 500 & 1000 & 2000 & 5000 \\ \hline
\end{tabular}

Определите с помощью таблицы, какой штраф должен заплатить владелец автомобиля, зафиксированная скорость которого составила 75 км/ч на участке дороги с максимальной разрешённой скоростью 40 км/ч. Ответ дайте в рублях.",500,узнать данные из таблицы,"The table shows the fines for exceeding the maximum permitted speed, recorded by automatic recording devices installed in the territory of Russia since September 1, 2013.

\begin{tabular}{|c|c|c|c|c|} \hline
Speeding, km/h & 21—40 & 41—60 & 61—80 & 81 and more \\ \hline
Fine amount, rub. & 500 & 1000 & 2000 & 5000 \\ \hline
\end{tabular}

Using the table, determine the fine that the car owner must pay if the recorded speed of the car was 75 km/h in a section of the road with a maximum permitted speed of 40 km/h. Give the answer in rubles."
9526,"Расписание поездов Москва-Минск и стоимость билетов представлены в таблице.

\begin{center}
\begin{tabular}{|c|c|c|c|} \hline
Номер  & Время  & Время прибытия & Стоимость билета  \\
 поезда& отправления& (на следующие сутки)& (руб.) \\\hline
1 & 14:09 & 00:28 & 357 \\\hline
2 & 14:19 & 00:02 & 714 \\\hline
3 & 18:37 & 04:14 & 357 \\\hline
4 & 19:24 & 06:10 & 536 \\\hline
5 & 21:47 & 06:19 & 666 \\\hline
6 & 21:53 & 07:25 & 714 \\\hline
7 & 22:25 & 08:12 & 357 \\\hline
\end{tabular}
\end{center}

Вадиму Алексеевичу нужно доехать в Минск из Москвы поездом. При этом ему необходимо приехать в Минск не позже 07:00, в пути провести не более 10 часов и потратить на билет не больше 2000 рублей.

В ответе укажите какой-нибудь один номер подходящего поезда.",235,время в пути,"The train schedule from Moscow to Minsk and the ticket prices are presented in the table.

\begin{center}
\begin{tabular}{|c|c|c|c|} \hline
Train  & Departure  & Arrival time & Ticket price  \\
number & time & (on the following day) & (RUB) \\\hline
1 & 14:09 & 00:28 & 357 \\\hline
2 & 14:19 & 00:02 & 714 \\\hline
3 & 18:37 & 04:14 & 357 \\\hline
4 & 19:24 & 06:10 & 536 \\\hline
5 & 21:47 & 06:19 & 666 \\\hline
6 & 21:53 & 07:25 & 714 \\\hline
7 & 22:25 & 08:12 & 357 \\\hline
\end{tabular}
\end{center}

Vadim Alekseevich needs to get to Minsk from Moscow by train. He needs to arrive in Minsk no later than 07:00, spend no more than 10 hours on the journey, and spend no more than 2000 rubles on the ticket.

In your response, indicate any one suitable train number."
4975,"Установите соответствие между величинами и их возможными значениями: к каждому элементу первого столбца подберите соответствующий элемент из второго столбца.
\begin{center}
\begin{tabular}{p{8cm}p{0.1cm}p{4.9cm}}
\multicolumn{1}{c}{ВЕЛИЧИНЫ} & & ЗНАЧЕНИЯ \\ 
А) масса таблетки лекарства & 1) & $3,3464\cdot 10^{-27}$ кг \\
Б) масса Земли & 2) & 5 т \\
В) масса молекулы водорода & 3) & 500 мг \\
Г) масса взрослого слона & 4) & $5,9726\cdot 10^{24}$ кг \\
\end{tabular}
\end{center}

В таблице под каждой буквой, соответствующей величине, укажите номер её возможного значения.

\vspace{\medskip}

\begin{tabular}{|*{4}{c|}} \hline
А & Б & В & Г \\ \hline
 &  &  &  \\ \hline
\end{tabular}",3412,соответствие,"Establish a correspondence between quantities and their possible values: match each element from the first column with the corresponding element from the second column.

\begin{center}
\begin{tabular}{p{8cm}p{0.1cm}p{4.9cm}}
\multicolumn{1}{c}{QUANTITIES} & & VALUES \\ 
A) mass of a medicine tablet & 1) & $3.3464\cdot 10^{-27}$ kg \\
B) mass of the Earth & 2) & 5 t \\
C) mass of a hydrogen molecule & 3) & 500 mg \\
D) mass of an adult elephant & 4) & $5.9726\cdot 10^{24}$ kg \\
\end{tabular}
\end{center}

In the table below each letter corresponding to the quantity, indicate the number of its possible value.

\vspace{\medskip}

\begin{tabular}{|*{4}{c|}} \hline
A & B & C & D \\ \hline
 &  &  &  \\ \hline
\end{tabular}"
2565,Найдите значение выражения $\left(\dfrac{14}{11} +\dfrac{17}{10} \right)\cdot \dfrac{11}{15}$.,2.18,от обыкновенных дробей к десятичным,Find the value of the expression $\left(\dfrac{14}{11} +\dfrac{17}{10} \right)\cdot \dfrac{11}{15}$.
135,"Сергей Петрович хочет купить в интернет-магазине микроволновую печь определённой модели. В таблице показано 6 предложений от разных интернет-магазинов.

\begin{center}
\begin{tabularx}{\textwidth}{|*{4}{>{\centering\arraybackslash}X|}} \hline
Номер магазина & Рейтинг магазина & Стоимость товара (руб.) & Стоимость доставки (руб.) \\ \hline
1 & 4 & 17980 & 490 \\ \hline
2 & 5 & 20490 & 500 \\ \hline
3 & 4,5 & 18890 & 400 \\ \hline
4 & 4 & 17490 & 0 \\ \hline
5 & 3,5 & 13979 & 690 \\ \hline
6 & 5 & 17750 & 600 \\ \hline
\end{tabularx}
\end{center}

Сергей Петрович считает, что покупку нужно делать в магазине, рейтинг которого не ниже 4. Среди магазинов, удовлетворяющих этому условию, выберите предложение с самой низкой стоимостью покупки с учётом доставки.

В ответе запишите номер выбранного магазина.",17490,узнать данные из таблицы+ сравнение,"Sergey Petrovich wants to buy a microwave of a certain model in an online store. The table shows 6 offers from different online stores.

\begin{center}
\begin{tabularx}{\textwidth}{|*{4}{>{\centering\arraybackslash}X|}} \hline
Store number & Store rating & Product cost (rubles) & Delivery cost (rubles) \\ \hline
1 & 4 & 17980 & 490 \\ \hline
2 & 5 & 20490 & 500 \\ \hline
3 & 4.5 & 18890 & 400 \\ \hline
4 & 4 & 17490 & 0 \\ \hline
5 & 3.5 & 13979 & 690 \\ \hline
6 & 5 & 17750 & 600 \\ \hline
\end{tabularx}
\end{center}

Sergey Petrovich believes that the purchase should be made in a store with a rating of not less than 4. Among the stores that meet this condition, select the offer with the lowest total purchase cost including delivery.

In your answer, write down the number of the selected store."
6885,Число посетителей сайта увеличилось за~месяц вдвое. На~сколько процентов увеличилось число посетителей сайта за~этот месяц?,100,дробь в проценты,The number of website visitors doubled over the month. By what percentage did the number of website visitors increase during this month?
12130,"На прилавке цветочного магазина стоят 3 вазы с розами: жёлтая, зелёная и красная. Слева от зелёной вазы 21 роза, справа от жёлтой вазы 31 роза. Всего в вазах 40 роз. Сколько роз в красной вазе?",12,формула включений - исключений,"There are 3 vases with roses on the flower shop counter: yellow, green, and red. To the left of the green vase, there are 21 roses, and to the right of the yellow vase, there are 31 roses. In total, there are 40 roses in the vases. How many roses are in the red vase?"
8502,"Система навигации самолёта информирует пассажира о том, что полёт проходит на высоте 41~000 футов. Выразите высоту полёта в метрах. Считайте, что 1 фут равен 30,5 см.",12505,футы в метры,"The airplane's navigation system informs the passenger that the flight is at an altitude of 41,000 feet. Express the flight altitude in meters. Assume that 1 foot is equal to 30.5 cm."
8719,"На птицеферме есть только куры и гуси, причём кур в 99 раз больше, чем гусей. Найдите вероятность того, что случайно выбранная на этой ферме птица окажется гусем.",0.01,вероятность по определению,"On a poultry farm, there are only chickens and geese, with chickens being 99 times more numerous than geese. Find the probability that a randomly selected bird on this farm will be a goose."
4801,В пачке 250~листов бумаги формата А4. За неделю в офисе расходуется 700~листов. Какого наименьшего количества пачек бумаги хватит на 8~недель?,22.4,деление с остатком+ условие,A pack contains 250 sheets of A4 paper. The office uses 700 sheets per week. What is the smallest number of packs of paper sufficient for 8 weeks?
10491,Найдите значение выражения $\dfrac{\left(8\sqrt{3} \right)\strut^{2} }{48}$.,4,выполнить действия,Find the value of the expression $\dfrac{\left(8\sqrt{3} \right)^{2} }{48}$.
6089,"Найдите трёхзначное число $A$, обладающее тремя свойствами: 

\begin{itemize}
\item сумма цифр числа $A$ делится на 6;
\item сумма цифр числа $A+3$ делится на 6;
\item число $A$ больше 350 и меньше 400. 
\end{itemize}

В ответе укажите какое-нибудь одно такое число.","369, 378, 387",перебор,"Find a three-digit number $A$ that has three properties:

\begin{itemize}
\item the sum of the digits of the number $A$ is divisible by 6;
\item the sum of the digits of the number $A+3$ is divisible by 6;
\item the number $A$ is greater than 350 and less than 400.
\end{itemize}

In your answer, indicate any one such number."
8269,"Выпускники 11 <<А>> покупают букеты цветов для последнего звонка: из 3 роз каждому учителю и из 9 роз классному руководителю и директору. Они собираются подарить букеты 15 учителям (включая директора и классного руководителя), розы покупаются по оптовой цене 35 рублей за штуку. Сколько рублей стоят все розы?",1995,подсчеты,"The graduates of class 11 ""A"" are buying bouquets of flowers for the last bell ceremony: 3 roses for each teacher and 9 roses for the class teacher and the principal. They plan to give bouquets to 15 teachers (including the principal and the class teacher), and the roses are bought at a wholesale price of 35 rubles each. How much do all the roses cost?"
5186,Найдите корень уравнения $6\strut^{x-12} =\dfrac{1}{36} $.,10,к основанию 6,Find the root of the equation $6^{x-12} = \frac{1}{36}$.
12101,Среднее арифметическое четырёх различных натуральных чисел равно 11. Среднее арифметическое этих чисел и пятого числа равно 12. Чему равно пятое число?,16,использовать определение среднего,The arithmetic mean of four different natural numbers is 11. The arithmetic mean of these numbers and a fifth number is 12. What is the fifth number?
10974,"В параллелограмме $ABCD$ известно, что $AB=6$, $AC=BD=10$. Найдите площадь параллелограмма.",48,"прямоугольник, теорема пифагора, площадь","In parallelogram $ABCD$, it is known that $AB=6$, $AC=BD=10$. Find the area of the parallelogram."
8407,"Стоимость полугодовой подписки на журнал составляет 590 рублей, а стоимость одного номера журнала --- 27 рублей. За полгода Аня купила 25 номеров журнала. На сколько рублей меньше она бы потратила, если бы подписалась на журнал?",85,подсчеты,"The cost of a six-month subscription to a magazine is 590 rubles, while the cost of a single issue of the magazine is 27 rubles. Over six months, Anya bought 25 issues of the magazine. How many rubles less would she have spent if she had subscribed to the magazine?"
7030,Цена на электрический чайник была повышена на 16\% и составила 2320~рублей. Сколько рублей стоил чайник до повышения цены?,2000,число по проценту,The price of an electric kettle was increased by 16% and amounted to 2320 rubles. How much did the kettle cost before the price increase?
10090,"В таблице три столбца и несколько строк. В каждую клетку таблицы вписали по натуральному числу так, что сумма
всех чисел в первом столбце равна 127, во втором~--- 136, в третьем~--- 146, а сумма чисел в каждой строке больше 17, но меньше 20. Сколько всего строк в таблице?",22,оценка в целых числах,"In the table, there are three columns and several rows. In each cell of the table, a natural number is written such that the sum of all numbers in the first column is 127, in the second column is 136, and in the third column is 146, while the sum of the numbers in each row is greater than 17 but less than 20. How many rows are there in the table in total?"
4167,"Площадь поверхности прямоугольного параллелепипеда с рёбрами~$a$, $b$ и $c$ вычисляется по формуле~$S=2\left(ab+ac+bc\right)$. Найдите площадь поверхности прямоугольного параллелепипеда, если его рёбра имеют длины 3, 5 и 9.",174,подставить числа в формулу,"The surface area of a rectangular parallelepiped with edges $a$, $b$, and $c$ is calculated using the formula $S=2(ab+ac+bc)$. Find the surface area of a rectangular parallelepiped if its edges have lengths 3, 5, and 9."
12340,"Установите соответствие между функциями и характеристиками этих функций на отрезке $\left[2;5\right]$.

\begin{center}
\begin{tabularx}{\textwidth}{clcX} 
\multicolumn{2}{c}{ФУНКЦИИ} & \multicolumn{2}{c}{ХАРАКТЕРИСТИКИ} \\ 
А) & $y=5x-x^{2}$ & 1) & функция убывающая \\ 
Б) & $y=2x+1$  & 2) & функция имеет точку максимума \\ 
В) & $y=16-2x$  & 3) & функция имеет точку минимума  \\ 
Г) & $y=x^{2}-8x+3$  & 4) & функция возрастающая \\ 
\end{tabularx}
\end{center}

\vspace{\baselineskip}
В таблице под каждой буквой укажите соответствующий номер.

\vspace{\baselineskip}
\begin{tabular}{|*{4}{C|}} \hline 
 А & Б & В & Г \\ \hline 
& & & \\ \hline
\end{tabular}",2413,сопоставить,"Match the functions with the characteristics of these functions on the interval $[2;5]$.

\begin{center}
\begin{tabularx}{\textwidth}{clcX} 
\multicolumn{2}{c}{FUNCTIONS} & \multicolumn{2}{c}{CHARACTERISTICS} \\ 
A) & $y=5x-x^{2}$ & 1) & the function is decreasing \\ 
B) & $y=2x+1$  & 2) & the function has a maximum point \\ 
C) & $y=16-2x$  & 3) & the function has a minimum point  \\ 
D) & $y=x^{2}-8x+3$  & 4) & the function is increasing \\ 
\end{tabularx}
\end{center}

\vspace{\baselineskip}
In the table below each letter, indicate the corresponding number.

\vspace{\baselineskip}
\begin{tabular}{|*{4}{C|}} \hline 
 A & B & C & D \\ \hline 
& & & \\ \hline
\end{tabular}"
156,"Дмитрий Валентинович собирается в туристическую поездку на трое суток в некоторый город. В таблице дана информация о гостиницах в этом городе со свободными номерами на время его поездки.

\begin{center}
\begin{tabularx}{\textwidth}{|*{4}{>{\centering\arraybackslash}X|}} \hline
Название\newline гостиницы & Рейтинг\newline гостиницы & Расстояние\newline до центральной площади (км) & Цена номера\newline (руб. за сутки) \\ \hline
«Южная» & 7,6 & 1,1 & 3000 \\ \hline
«Уют-плюс» & 5,3 & 1,9 & 2500 \\ \hline
«Центральная» & 9,4 & 3,4 & 3800 \\ \hline
«Вокзальная» & 6,9 & 2,3 & 1600 \\ \hline
«Турист» & 8,8 & 2,4 & 3200 \\ \hline
«Эльдорадо» & 9,1 & 2,1 & 3300 \\ \hline
\end{tabularx}
\end{center}

Дмитрий Валентинович хочет остановиться в гостинице, которая находится не далее 2,5 км от центральной площади и рейтинг которой не ниже 8,5. Среди гостиниц, удовлетворяющих этим условиям, выберите предложение с наименьшей ценой номера за сутки. Сколько рублей стоит проживание в этой гостинице в течение 3 суток?",9600,извлечь данные изтаблицы,"Dmitry Valentinovich is planning a tourist trip for three days to a certain city. The table provides information about hotels in this city with available rooms for the duration of his trip.

\begin{center}
\begin{tabularx}{\textwidth}{|*{4}{>{\centering\arraybackslash}X|}} \hline
Hotel Name & Hotel Rating & Distance to the central square (km) & Room price\newline (rubles per day) \\ \hline
""Southern"" & 7.6 & 1.1 & 3000 \\ \hline
""Cozy-plus"" & 5.3 & 1.9 & 2500 \\ \hline
""Central"" & 9.4 & 3.4 & 3800 \\ \hline
""Station"" & 6.9 & 2.3 & 1600 \\ \hline
""Tourist"" & 8.8 & 2.4 & 3200 \\ \hline
""Eldorado"" & 9.1 & 2.1 & 3300 \\ \hline
\end{tabularx}
\end{center}

Dmitry Valentinovich wants to stay in a hotel that is no further than 2.5 km from the central square and has a rating of at least 8.5. Among the hotels that meet these conditions, choose the offer with the lowest room price per day. How much does it cost to stay in this hotel for 3 days?"
4257,"Площадь треугольника со сторонами~$a$, $b$, $c$ можно найти по формуле Герона $S=\sqrt{p\left(p-a\right)\left(p-b\right)\left(p-c\right)} $, где $p=\dfrac{a+b+c}{2} $. Найдите площадь треугольника,\rule{0pt}{14pt} если длины его сторон равны 13, 14, 15.",84,подставить числа в формулу,"The area of a triangle with sides $a$, $b$, $c$ can be found using Heron's formula $S = \sqrt{p(p-a)(p-b)(p-c)}$, where $p = \frac{a+b+c}{2}$. Find the area of the triangle if the lengths of its sides are 13, 14, 15."
13578,"Два человека отправляются из одного дома на прогулку до опушки леса, находящейся в 1,1 км от дома. Один идёт со скоростью 3,5 км/ч, а другой~--- со скоростью 4,2 км/ч. Дойдя до опушки, второй с той же скоростью возвращается обратно. На каком расстоянии от дома произойдёт их встреча? Ответ дайте в километрах.",1,составить уравнение,"Two people set out from the same house for a walk to the edge of the forest, which is 1.1 km from the house. One walks at a speed of 3.5 km/h, and the other at a speed of 4.2 km/h. Having reached the edge of the forest, the second one returns back at the same speed. At what distance from the house will they meet? Give the answer in kilometers."
3423,"Интернет-провайдер предлагает три тарифных плана.

\vspace{\baselineskip}

\hyphenpenalty=10000
\begin{tabularx}{\textwidth}{|C|>{\centering\arraybackslash}X|>{\centering\arraybackslash}X|} \hline
Тарифный план & Абонентская плата & Плата за трафик \\ \hline
План ""0"" & Нет & 1,1~руб. за 1~Мбайт \\ \hline
План ""500"" & 525~руб. за 500~Мбайт\newline трафика в~месяц & 1~руб. за 1~Мбайт\newline сверх 500~Мбайт \\ \hline
План ""900"" & 738~руб. за 900~Мбайт\newline трафика в~месяц & 0,5~руб. за 1~Мбайт\newline сверх 900~Мбайт \\ \hline
\end{tabularx}
\vspace{\medskip}

Пользователь предполагает, что его трафик составит 750~Мбайт в месяц, и исходя из этого выбирает наиболее дешёвый тарифный план. Сколько рублей должен будет заплатить пользователь за месяц, если его трафик действительно будет равен 750~Мбайт?",738,извлечь данные из таблицы,"The internet provider offers three tariff plans.

\begin{tabularx}{\textwidth}{|C|>{\centering\arraybackslash}X|>{\centering\arraybackslash}X|} \hline
Tariff plan & Subscription fee & Traffic fee \\ \hline
Plan ""0"" & No & 1.1 rubles per 1 MB \\ \hline
Plan ""500"" & 525 rubles for 500 MB\newline of traffic per month & 1 ruble per 1 MB\newline over 500 MB \\ \hline
Plan ""900"" & 738 rubles for 900 MB\newline of traffic per month & 0.5 rubles per 1 MB\newline over 900 MB \\ \hline
\end{tabularx}
\vspace{\medskip}

The user expects that their traffic will be 750 MB per month and chooses the cheapest tariff plan based on this. How many rubles will the user have to pay per month if their traffic is indeed 750 MB?"
8570,"Решите уравнение $x^{2} -25=0$. Если уравнение имеет более одного корня, в ответе укажите меньший из них.",-5,решить квадратное уравнение,"Solve the equation \(x^2 - 25 = 0\). If the equation has more than one root, indicate the smaller one in the answer."
8173,На день рождения полагается дарить букет из нечётного числа цветов. Розы стоят 80 рублей за штуку. У Вани есть 300 рублей. Из какого наибольшего числа роз он может купить букет Маше на день рождения?,3,деление с остатком+ условие,"For a birthday, it is customary to give a bouquet with an odd number of flowers. Roses cost 80 rubles each. Vanya has 300 rubles. What is the largest number of roses he can buy for Masha's birthday bouquet?"
6406,"Даны два конуса. Радиус основания и~высота первого конуса равны соответственно 3 и~4, а второго~--- 2 и~9. Во сколько раз объём второго конуса больше объёма первого?",1,отношение обьемов,"Two cones are given. The radius of the base and the height of the first cone are 3 and 4, respectively, and of the second cone are 2 and 9. How many times is the volume of the second cone greater than the volume of the first cone?"
2548,Найдите значение выражения $3\dfrac{1}{2} :\left(1\dfrac{4}{15} +2\dfrac{9}{10} \right)$.,0.84,"действия с обыкновенными дробями, в десятичные",Find the value of the expression $3\frac{1}{2} : \left(1\frac{4}{15} +2\frac{9}{10} \right)$.
8714,"На птицеферме есть только куры и гуси, причём кур в 7 раз больше, чем гусей. Найдите вероятность того, что случайно выбранная на этой ферме птица окажется гусем.",0.125,вероятность по определению,"On the poultry farm, there are only chickens and geese, with chickens being 7 times more numerous than geese. Find the probability that a randomly selected bird on this farm will be a goose."
7113,"Набор полотенец, который стоил 280 рублей, продаётся со скидкой 15\%. Сколько рублей стоят два набора полотенец со скидкой?",476,процент от числа,A set of towels that cost 280 rubles is being sold with a 15% discount. How much do two sets of towels cost with the discount?
177,"Дмитрий Валентинович собирается в туристическую поездку на трое суток в некоторый город. В таблице дана информация о гостиницах в этом городе со свободными номерами на время его поездки.

\begin{center}
\begin{tabularx}{\textwidth}{|*{4}{>{\centering\arraybackslash}X|}} \hline
Название\linebreak гостиницы & Рейтинг\linebreak гостиницы & Расстояние\linebreak до центральной площади (км) & Цена номера\linebreak (руб. за сутки) \\ \hline
«Южная» & 9,2 & 2,3 & 3600 \\ \hline
«Уют-плюс» & 8,5 & 0,5 & 3700 \\ \hline
«Центральная» & 7,3 & 1,2 & 2400 \\ \hline
«Вокзальная» & 8,7 & 3,7 & 3600 \\ \hline
«Турист» & 5,8 & 2,7 & 1900 \\ \hline
«Эльдорадо» & 6,2 & 3,2 & 1500 \\ \hline
\end{tabularx}
\end{center}

Дмитрий Валентинович хочет остановиться в гостинице, которая находится не далее 2,5 км от центральной площади и рейтинг которой не ниже~8,5. Среди гостиниц, удовлетворяющих этим условиям, выберите гостиницу с~наименьшей ценой номера за сутки. Сколько рублей стоит проживание в~этой гостинице в течение трёх суток?",10800,извлечь данные из таблицы,"Dmitry Valentinovich is planning a tourist trip for three days to a certain city. The table provides information about hotels in this city with available rooms for the duration of his trip.

\begin{center}
\begin{tabularx}{\textwidth}{|*{4}{>{\centering\arraybackslash}X|}} \hline
Hotel Name & Hotel Rating & Distance to Central Square (km) & Room Price\linebreak (rubles per day) \\ \hline
""Southern"" & 9.2 & 2.3 & 3600 \\ \hline
""Comfort Plus"" & 8.5 & 0.5 & 3700 \\ \hline
""Central"" & 7.3 & 1.2 & 2400 \\ \hline
""Near the Station"" & 8.7 & 3.7 & 3600 \\ \hline
""Tourist"" & 5.8 & 2.7 & 1900 \\ \hline
""Eldorado"" & 6.2 & 3.2 & 1500 \\ \hline
\end{tabularx}
\end{center}

Dmitry Valentinovich wants to stay in a hotel that is no further than 2.5 km from the central square and has a rating of no less than 8.5. Among the hotels that meet these conditions, choose the hotel with the lowest price per day. How much does it cost to stay at this hotel for three days?"
10076,"Прямоугольник разбит на четыре маленьких прямоугольника двумя прямолинейными разрезами. Периметры трёх из них, начиная с левого верхнего и далее по часовой стрелке равны 21, 11 и 4. Найдите периметр четвёртого прямоугольника.",14,р1+р3=р2+р4,"A rectangle is divided into four smaller rectangles by two straight cuts. The perimeters of three of them, starting with the top left one and moving clockwise, are 21, 11, and 4. Find the perimeter of the fourth rectangle."
1001,"Найдите корень уравнения $2^{2x\; -\; 3} =2^{x\; -\; 2}$ .

 \textbf{}",1,убрать основание,Find the root of the equation $2^{2x - 3} = 2^{x - 2}$.
4442,Найдите значение выражения $\sqrt{63} \cdot \sqrt{7} $.,21,под  один корень ,Find the value of the expression $\sqrt{63} \cdot \sqrt{7} $.
11973,Найдите корень уравнения $2x-7=9$.,8,решить уравнение,Find the root of the equation $2x-7=9$.
2475,Найдите значение выражения $\dfrac{1}{\dfrac{1}{3} +\dfrac{1}{7} }$.,2.1,от обыкновенных дробей к десятичным,Find the value of the expression $\dfrac{1}{\dfrac{1}{3} +\dfrac{1}{7} }$.
4255,"Площадь треугольника со сторонами~$a$, $b$, $c$ можно найти по формуле Герона $S=\sqrt{p\left(p-a\right)\left(p-b\right)\left(p-c\right)} $, где $p=\dfrac{a+b+c}{2} $. Найдите площадь треугольника,\rule{0pt}{14pt} если длины его сторон равны 5, 29, 30.",72,подставить числа в формулу,"The area of a triangle with sides $a$, $b$, $c$ can be found using Heron's formula $S=\sqrt{p(p-a)(p-b)(p-c)}$, where $p=\dfrac{a+b+c}{2}$. Find the area of the triangle if the lengths of its sides are 5, 29, 30."
2299,Найдите значение выражения $\left(-3\right)+5\dfrac{2}{5} +\dfrac{1}{25}$.,2.44,от обыкновенных дробей к десятичным,Find the value of the expression $\left(-3\right)+5\dfrac{2}{5} +\dfrac{1}{25}$.
9294,"Турист, прибывший в Санкт-Петербург, хочет посетить 4 музея: Эрмитаж, Русский музей, Петропавловскую крепость и Исаакиевский собор. Экскурсионные кассы предлагают маршруты с посещением одного или нескольких объектов. Сведения о стоимости билетов и маршрутах представлены в таблице.

\begin{center}
\begin{tabular}{|c|c|c|}
\hline
Номер&Посещаемые&Стоимость\\
маршрута&объекты&(руб.)\\\hline
1&Эрмитаж&300\\\hline
2&Петропавловская крепость, Исаакиевский собор&1350\\\hline
3&Исаакиевский собор&300\\\hline
4&Эрмитаж, Русский музей&1400\\\hline
5&Петропавловская крепость, Русский музей&1650\\\hline
6&Русский музей&650\\\hline
\end{tabular}
\end{center}

Какие маршруты должен выбрать путешественник, чтобы посетить все четыре музея и затратить на все билеты наименьшую сумму?

В ответе укажите какой-нибудь один набор номеров маршрутов без пробелов, запятых и других дополнительных символов.",2250,извлечь данные из таблицы,"A tourist who has arrived in St. Petersburg wants to visit 4 museums: the Hermitage, the Russian Museum, the Peter and Paul Fortress, and St. Isaac's Cathedral. The excursion ticket offices offer routes with visits to one or several sites. Information about the cost of tickets and the routes are presented in the table.

\begin{center}
\begin{tabular}{|c|c|c|}
\hline
Route&Visited&Cost\\
Number&Sites&(rubles)\\\hline
1&Hermitage&300\\\hline
2&Peter and Paul Fortress, St. Isaac's Cathedral&1350\\\hline
3&St. Isaac's Cathedral&300\\\hline
4&Hermitage, Russian Museum&1400\\\hline
5&Peter and Paul Fortress, Russian Museum&1650\\\hline
6&Russian Museum&650\\\hline
\end{tabular}
\end{center}

Which routes should the traveler choose to visit all four museums and spend the least amount of money on all tickets?

In your answer, indicate any one set of route numbers without spaces, commas, and other additional symbols."
8159,На день рождения полагается дарить букет из нечётного числа цветов. Тюльпаны стоят 55 рублей за штуку. У Вани есть 400 рублей. Из какого наибольшего числа тюльпанов он может купить букет Маше на день рождения?,7,деление с остатком+ условие,It is customary to give a bouquet of an odd number of flowers for a birthday. Tulips cost 55 rubles each. Vanya has 400 rubles. What is the largest odd number of tulips he can buy for Masha's birthday bouquet?
1054,"Найдите корень уравнения $2^{-4x-5} :2^{2x+3} =16$

 \textbf{}",-2,к основанию 2,Find the root of the equation $2^{-4x-5} :2^{2x+3} =16$
11900,"В доме девятнадцать квартир с номерами от 1 до 19. В каждой квартире живёт не менее одного и не более трёх человек. В квартирах с 1-й по 12-ю включительно живёт суммарно 16 человек, а в квартирах с 9-й по 19-ю живёт суммарно 29 человек. Сколько всего человек живёт в этом доме?",37,"оценка в целых числах, формула вкл и искл","In the building, there are nineteen apartments numbered from 1 to 19. In each apartment, there lives no fewer than one and no more than three people. A total of 16 people live in the apartments from 1st to 12th inclusive, and a total of 29 people live in the apartments from 9th to 19th. How many people live in this building altogether?"
3111,Найдите значение выражения $\left(4\sqrt{3} -2\right)\cdot \left(4\sqrt{3} +2\right)$.,44,разность квадратов,Find the value of the expression $(4\sqrt{3} -2)\cdot (4\sqrt{3} +2)$.
9241,"Путешественник из Москвы хочет посетить четыре города Золотого кольца России: Владимир, Ярославль, Суздаль и Ростов. Турагентство предлагает маршруты с посещением некоторых городов Золотого кольца. Сведения о стоимости билетов и маршрутах представлены в таблице.

\begin{center}
\begin{tabular}{|c|c|c|c|}
\hline
Номер маршрута&Посещаемые города&Стоимость (руб.)\\\hline
1&Ростов&1700 \\\hline
2&Ростов, Ярославль, Владимир&3750 \\\hline
3&Ярославль, Владимир&2050 \\\hline
4&Суздаль, Ростов&2850 \\\hline
5&Ярославль, Суздаль&2350 \\\hline
6&Суздаль, Владимир&2450 \\\hline
\end{tabular}
\end{center}

Какие маршруты должен выбрать путешественник, чтобы побывать во всех четырёх городах и затратить менее 6000 рублей?

В ответе укажите какой-нибудь один набор номеров маршрутов без пробелов, запятых и других дополнительных символов.",34,извлечь данные из таблицы,"A traveler from Moscow wants to visit four cities of the Golden Ring of Russia: Vladimir, Yaroslavl, Suzdal, and Rostov. The travel agency offers routes that include visits to some of the Golden Ring cities. Information about the ticket costs and routes is presented in the table.

\begin{center}
\begin{tabular}{|c|c|c|c|}
\hline
Route number & Cities visited & Cost (RUB) \\\hline
1 & Rostov & 1700 \\\hline
2 & Rostov, Yaroslavl, Vladimir & 3750 \\\hline
3 & Yaroslavl, Vladimir & 2050 \\\hline
4 & Suzdal, Rostov & 2850 \\\hline
5 & Yaroslavl, Suzdal & 2350 \\\hline
6 & Suzdal, Vladimir & 2450 \\\hline
\end{tabular}
\end{center}

Which routes should the traveler choose to visit all four cities and spend less than 6000 rubles?

In your answer, indicate any one set of route numbers without spaces, commas, and other additional symbols."
82,"В таблице показано расписание пригородных электропоездов по направлению Москва Курская-Тула.

\begin{center}
\begin{tabularx}{\textwidth}{|c|c|c|>{\centering\arraybackslash}X|} \hline
Номер электрички & Москва Курская & Тула & Время в пути \\ \hline
1 & 06:55 & 09:14 & 2:19 \\ \hline
2 & 07:00 & 10:18 & 3:18 \\ \hline
3 & 08:30 & 10:26 & 1:56 \\ \hline
4 & 10:22 & 13:47 & 3:25 \\ \hline
5 & 14:59 & 18:47 & 3:48 \\ \hline
\end{tabularx}
\end{center}


Какая из электричек Москва-Тула проводит в пути меньше всего времени? В ответе укажите номер этой электрички.",3,извлечь данные из таблицы,"The table shows the schedule of suburban electric trains on the Moscow Kurskaya-Tula route.

\begin{center}
\begin{tabularx}{\textwidth}{|c|c|c|>{\centering\arraybackslash}X|} \hline
Train Number & Moscow Kurskaya & Tula & Travel Time \\ \hline
1 & 06:55 & 09:14 & 2:19 \\ \hline
2 & 07:00 & 10:18 & 3:18 \\ \hline
3 & 08:30 & 10:26 & 1:56 \\ \hline
4 & 10:22 & 13:47 & 3:25 \\ \hline
5 & 14:59 & 18:47 & 3:48 \\ \hline
\end{tabularx}
\end{center}

Which of the Moscow-Tula electric trains spends the least amount of time en route? In your response, indicate the number of this train."
11935,"Обезьяны составляют 8\% всех животных в зоопарке. Сколько в зоопарке обезьян, если всего в зоопарке 350 животных?",28,процент от числа,Monkeys make up 8% of all animals in the zoo. How many monkeys are there in the zoo if there are a total of 350 animals in the zoo?
90,"В таблице приведены данные о шести чемоданах.

\begin{center}
\begin{tabularx}{\textwidth}{|>{\centering\arraybackslash}X|c|c|c|c|} \hline
Номер чемодана & Длина (см) & Высота (см) & Ширина (см) & Масса (кг) \\ \hline
1 & 64 & 48 & 23 & 25 \\ \hline
2 & 82 & 70 & 51 & 22,5 \\ \hline
3 & 87 & 69 & 48 & 23 \\ \hline
4 & 77 & 61 & 44 & 20 \\ \hline
5 & 96 & 74 & 40 & 27 \\ \hline
6 & 89 & 72 & 46 & 24 \\ \hline
\end{tabularx}
\end{center}


По правилам авиакомпании сумма трёх измерений (длина, высота, ширина) чемодана, сдаваемого в багаж, не должна превышать 203~см, а масса не должна быть больше 23~кг. Какие чемоданы можно сдать в багаж по правилам этой авиакомпании?


В ответе укажите номера выбранных чемоданов без пробелов, запятых и других дополнительных символов.",24,извлечь данные из таблицы,"The table contains data on six suitcases.

\begin{center}
\begin{tabularx}{\textwidth}{|>{\centering\arraybackslash}X|c|c|c|c|} \hline
Suitcase number & Length (cm) & Height (cm) & Width (cm) & Weight (kg) \\ \hline
1 & 64 & 48 & 23 & 25 \\ \hline
2 & 82 & 70 & 51 & 22.5 \\ \hline
3 & 87 & 69 & 48 & 23 \\ \hline
4 & 77 & 61 & 44 & 20 \\ \hline
5 & 96 & 74 & 40 & 27 \\ \hline
6 & 89 & 72 & 46 & 24 \\ \hline
\end{tabularx}
\end{center}


According to the airline's rules, the sum of the three dimensions (length, height, width) of a suitcase to be checked in should not exceed 203 cm, and the weight should not be more than 23 kg. Which suitcases can be checked in according to the rules of this airline?

In your answer, indicate the numbers of the selected suitcases without spaces, commas, or any other additional characters."
7063,Налог на доходы составляет~13\% от заработной платы. После удержания налога на доходы Мария Константиновна получила 7830~рублей. Сколько рублей составляет заработная плата Марии Константиновны?,9000,число по проценту,"The income tax is 13% of the salary. After the income tax was withheld, Maria Konstantinovna received 7830 rubles. How many rubles is Maria Konstantinovna's salary?"
4393,"Найдите $\cos x$, если $\sin x=- \dfrac{\sqrt{7} }{4} $ и $270{}^\circ <x<360{}^\circ $.",0.75,основное триг. Тождество,"Find $\cos x$, if $\sin x = -\dfrac{\sqrt{7}}{4}$ and $270{}^\circ < x < 360{}^\circ$."
13550,"Расстояние между городами A и B равно 470 км. Из города A в город B 
со скоростью 60 км/ч выехал первый автомобиль, а через три часа после этого навстречу ему из города B выехал со скоростью 85 км/ч второй автомобиль. На каком расстоянии от города A автомобили встретятся? Ответ дайте в~километрах.",300,подсчеты,"The distance between cities A and B is 470 km. The first car departed from city A towards city B at a speed of 60 km/h, and three hours later, the second car departed from city B towards city A at a speed of 85 km/h. At what distance from city A will the cars meet? Give the answer in kilometers."
7064,"В школе французский язык изучают 77~учащихся, что составляет 20\% от числа всех учащихся школы. Сколько учащихся в школе?",385,число по проценту,"In the school, 77 students study the French language, which makes up 20% of the total number of students in the school. How many students are there in the school?"
7097,"Среди всех выпускников школы 10 человек собираются учиться в технических вузах, и они составляют 40\% от числа всех выпускников. Сколько в~этой школе выпускников?",25,число по проценту,"Among all the school graduates, 10 people are planning to study at technical universities, and they make up 40% of the total number of graduates. How many graduates are there in this school?"
5448,"Вероятность того, что новая шариковая ручка пишет плохо или вовсе не~пишет, равна 0,21. Покупатель, не~глядя, берёт одну шариковую ручку из~коробки. Найдите вероятность того, что эта ручка пишет хорошо.",0.79,1-Р,The probability that a new ballpoint pen writes poorly or does not write at all is 0.21. A customer picks one ballpoint pen from a box without looking. Find the probability that this pen writes well.
2293,Найдите значение выражения $2\dfrac{5}{14} +5+\dfrac{8}{7}$.,8.5,от обыкновенных дробей к десятичным,Find the value of the expression $2\frac{5}{14} +5+\frac{8}{7}$.
5261,Найдите корень уравнения $\left(\dfrac{1}{2} \right)^{x - 8} =8$.,5,к основанию 2,Find the root of the equation $\left(\dfrac{1}{2} \right)^{x - 8} = 8$.
